rate,rate_label,scheduler,dataset,count,avg_wait_s,avg_service_s,p95_service_s,max_service_s,avg_completion_s
0.12,0.12,fcfs,gsm8k,200,70.7696890827734,9.584197990661487,20.449446613108737,69.7834722911939,80.35388707343489
0.12,0.12,fcfs,hotpotqa,200,75.53098215606063,26.005730415941215,40.58573228609746,53.89970164746046,101.53671257200185
0.12,0.12,fcfs,math,200,71.62275093708188,41.00390930294059,90.9074986622668,206.16420201119035,112.62666024002246
0.12,0.12,fcfs,mbpp,200,70.41003213101533,33.882028517643924,52.67145818532442,73.34186911676079,104.29206064865924
0.12,0.12,fcfs,mmlu_pro,200,76.96955641742795,22.879622742617503,71.22178195575249,142.5615572668612,99.84917916004547
0.12,0.12,fcfs,strategyqa,200,73.44485843214207,17.74431501419749,29.629182103462497,61.72711992729455,91.18917344633955
0.12,0.12,fcfs,swebench_verified,200,78.06048649638892,75.96981781945098,130.50980382859706,169.90609871502966,154.03030431583989
0.12,0.12,sjf,gsm8k,200,1.8842896414315329,7.987434859541245,14.90619586193932,35.41185809019953,9.871724500972778
0.12,0.12,sjf,hotpotqa,200,33.166708643538875,49.68113624436315,149.88904046216038,575.1881429674104,82.84784488790203
0.12,0.12,sjf,math,200,1.5127605536859483,42.46341960643884,87.38773478711951,241.2818069141358,43.976180160124784
0.12,0.12,sjf,mbpp,200,2.025476971389726,34.995427140714604,59.202353035053235,98.11520841997117,37.020904112104326
0.12,0.12,sjf,mmlu_pro,200,3.899291810207069,22.53723338483367,74.41709566856724,176.09717471245676,26.43652519504074
0.12,0.12,sjf,strategyqa,200,1.0046527126710862,15.668229146050288,23.214353873673822,41.64821043424308,16.672881858721375
0.12,0.12,sjf,swebench_verified,200,160.95531362897717,253.51025806911755,972.8272226755495,5301.2536197938025,414.4655716980947
0.12,0.12,rhsail,gsm8k,200,53.1683496080013,11.50051779080648,33.502612171974015,53.83600320853293,64.66886739880778
0.12,0.12,rhsail,hotpotqa,200,92.66459136655088,63.376084219296466,106.64537704433313,126.99978564027697,156.04067558584734
0.12,0.12,rhsail,math,200,89.40441397160757,73.52633548544719,129.83455672310652,257.1036618752405,162.93074945705476
0.12,0.12,rhsail,mbpp,200,123.74225683332887,58.55519041123334,94.15130169382317,115.90811080951244,182.29744724456222
0.12,0.12,rhsail,mmlu_pro,200,130.57717191792094,26.12760269177146,60.68284149742681,152.26800779625773,156.7047746096924
0.12,0.12,rhsail,strategyqa,200,52.08681414695922,30.33556578976102,58.97025190684944,64.25857587065548,82.42237993672025
0.12,0.12,rhsail,swebench_verified,200,145.98025509744883,142.9170715982467,218.3731719971168,345.6568455239758,288.89732669569554
0.13,0.13,fcfs,gsm8k,200,169.14665268567856,9.652081558131613,20.16736075426449,37.160438179038465,178.79873424381017
0.13,0.13,fcfs,hotpotqa,200,181.60342500652186,27.34137797703035,45.46120498240925,74.54970000963658,208.94480298355222
0.13,0.13,fcfs,math,200,168.70705498996657,42.51124825004488,91.48908145292651,270.4122326206416,211.21830324001144
0.13,0.13,fcfs,mbpp,200,171.02396618040746,35.129361984566785,58.17049648151732,83.73716417886317,206.15332816497423
0.13,0.13,fcfs,mmlu_pro,200,188.714288835139,21.461591600971296,71.61242658495902,139.98223043605685,210.1758804361103
0.13,0.13,fcfs,strategyqa,200,182.4163550564088,19.51893553656526,34.79515605340711,60.59273045696318,201.93529059297404
0.13,0.13,fcfs,swebench_verified,200,203.67715567166917,77.449839557698,140.00715721538288,208.2764777392149,281.12699522936714
0.13,0.13,sjf,gsm8k,200,1.8043705890886486,9.387872052928433,16.20888495380053,135.80002543795854,11.192242642017082
0.13,0.13,sjf,hotpotqa,200,81.59805268448312,72.42076994895004,220.52815038640952,1906.8890154659748,154.01882263343316
0.13,0.13,sjf,math,200,1.876808473994024,41.45022953591775,94.7516740644816,204.76822564937174,43.327038009911774
0.13,0.13,sjf,mbpp,200,2.564581900849007,36.50977496260312,59.76106881820596,148.75076594110578,39.074356863452124
0.13,0.13,sjf,mmlu_pro,200,3.7820205011591317,25.52030187647324,109.19924409035588,171.43945267610252,29.302322377632372
0.13,0.13,sjf,strategyqa,200,1.228557031340897,15.490649402532727,23.651361556164918,37.66005268599838,16.719206433873623
0.13,0.13,sjf,swebench_verified,200,557.256241524024,298.3089093213575,881.7301363301441,6529.405441951938,855.5651508453815
0.13,0.13,rhsail,gsm8k,200,85.55306606677361,13.200634592678398,38.75402463348576,77.18351818900555,98.75370065945201
0.13,0.13,rhsail,hotpotqa,200,154.6219875909714,58.56228591594845,105.79562730602919,130.2679865444079,213.18427350691985
0.13,0.13,rhsail,math,200,159.77994738747367,85.11263386796695,134.21913773817943,268.9114925209433,244.8925812554406
0.13,0.13,rhsail,mbpp,200,188.29338948377872,59.41088603959419,87.9164712163154,149.473990294151,247.70427552337293
0.13,0.13,rhsail,mmlu_pro,200,188.40369797418825,26.36909637747798,70.50742100751955,158.83816197048873,214.77279435166622
0.13,0.13,rhsail,strategyqa,200,87.48519774920773,38.021871505323794,59.499895736342296,75.10620864946395,125.50706925453153
0.13,0.13,rhsail,swebench_verified,200,246.45937271038537,146.80486133720726,215.03471476729027,241.108232001774,393.2642340475926
0.15,0.15,fcfs,gsm8k,200,790.3850682972767,11.00844268721994,23.109054743032885,110.69153757579625,801.3935109844966
0.15,0.15,fcfs,hotpotqa,200,816.5116300915834,27.559186733546667,44.02744632307439,100.06191038200632,844.07081682513
0.15,0.15,fcfs,math,200,753.494621823309,41.538562469286845,91.77306555036915,209.16158357122913,795.0331842925958
0.15,0.15,fcfs,mbpp,200,802.0750105354352,36.02830841379473,58.8525451854337,79.51538762589917,838.10331894923
0.15,0.15,fcfs,mmlu_pro,200,861.9433023547451,23.72232257177122,72.08532902880097,139.53830183669925,885.6656249265163
0.15,0.15,fcfs,strategyqa,200,827.2814759259298,19.09473217511084,34.51327855144626,62.48882532119751,846.3762081010407
0.15,0.15,fcfs,swebench_verified,200,918.2661723119113,82.85343420330435,152.59464730820613,251.5999401640147,1001.1196065152158
0.15,0.15,sjf,gsm8k,200,3.092580147217959,7.972137084549758,13.694582267338406,41.29168453393504,11.064717231767718
0.15,0.15,sjf,hotpotqa,200,423.5662753342115,156.0325111681246,641.1202232913798,4556.063400426414,579.5987865023361
0.15,0.15,sjf,math,200,1.6693445507530122,42.97083355865441,100.98616494478185,236.15138641092926,44.64017810940742
0.15,0.15,sjf,mbpp,200,2.306943876806181,35.74386924176011,67.51704400572923,94.3685972536914,38.050813118566296
0.15,0.15,sjf,mmlu_pro,200,4.699822300400119,23.361428859787992,70.56048527166706,190.62436191737652,28.061251160188114
0.15,0.15,sjf,strategyqa,200,1.1731766356690787,15.315816079971846,23.813326847460118,28.89547153422609,16.488992715640926
0.15,0.15,sjf,swebench_verified,200,1578.5968715233962,397.1653869686136,580.9970174678094,9942.171710022725,1975.7622584920098
0.15,0.15,rhsail,gsm8k,200,409.47748601182366,13.797883670693263,38.62763711451552,100.97298756800592,423.2753696825169
0.15,0.15,rhsail,hotpotqa,200,804.2635812649131,75.78424346197862,109.86165563114916,126.70668256469071,880.0478247268917
0.15,0.15,rhsail,math,200,864.748797575538,96.00556820476893,139.66743711056188,268.54517454933375,960.754365780307
0.15,0.15,rhsail,mbpp,200,674.442573325024,68.79762724353932,89.1131219298113,110.31841024104506,743.2402005685633
0.15,0.15,rhsail,mmlu_pro,200,617.1618755480227,32.88889368484262,102.21591457487078,161.51860197354108,650.0507692328654
0.15,0.15,rhsail,strategyqa,200,424.5910495736916,40.67113746096846,63.49158930215052,87.07276487909257,465.26218703466003
0.15,0.15,rhsail,swebench_verified,200,1267.9722807546052,156.20745246626902,216.87188880918535,279.9431189317256,1424.1797332208744
